<?xml version="1.0" encoding="UTF-8" standalone="yes" ?>
<appProperties xmlns="http://schemas.mathworks.com/matlab/app/2012/appProperties" signature="D2BF7F022BB7D02670CFBA617C8D28E5BC9C5642">

  <entryPoint>app1</entryPoint>

  <name>SeizureDetectionAPP</name>

  <version>1.0</version>

  <createdByMATLABRelease>(R2021b)</createdByMATLABRelease>

  <GUID>6e918305-1f27-4b2a-877d-696e5345343e</GUID>

  <author>
    <name>Cristina Enériz</name>
    <contact>100428875@alumnos.uc3m.es</contact>
    <organization></organization>
  </author>

  <supportedPlatforms/>

  <requiredProducts/>

  <numFiles>4</numFiles>

  <created>2022-04-07T17:44:03Z</created>

  <appEntries>
    <appFile>/app1.mlapp</appFile>
    <appFile>/mydata_accel.xlsx</appFile>
    <appFile>/mydata_log.xlsx</appFile>
    <appFile>/mydata_amp.xlsx</appFile>
  </appEntries>

</appProperties>
